hash_key,dataset,complexity
00ce695f969b2737c7dac419f3bb72ba472cfab83467cf751f9c770444282128,data-ml-test,0.6490384615384616
0210a086842289ae9050c9cb4930045f47f00b53efdebc8203ffb7ab1b953237,data-ml-test,0.09717964438994486
02fc5c482fe30a2a6af7cba82296c3309049018853b7126b57348e0f5a471e74,data-ml-test,0.8895348837209303
03cd74b73b20552930ebe027f45f90f65f3d38096202b0e704601e775b283bb9,data-ml-test,0.9487179487179487
04e042fcd270bb8f6d77cb14d106c1be69a76281e4e76c94b7b7958a56b97707,data-ml-test,1.0
0563faf56abf1f83cd99da4408a5548a49e50f3e9a528af69033e9416e815eda,data-ml-test,0.7385729370945844
05a3495808a824490d8b5614421c75b010aa7e41df170c70630e862fc3af75ee,data-ml-test,0.6204869857262805
08fb6071cce3f7ffa07e9c4eeafd7f6885223105a308e27b3e8c21e5785cfc1c,data-ml-test,0.3563611491108071
0b3f7bd17e5a85482c4831c6c859ea05de88c5345b692ecdb320a3f9476ab036,data-ml-test,0.7794843664289632
0b502248bb7f4b729284b345a388db16d1db767f9a43599175c8218e6e6383f3,data-ml-test,0.2763794772507261
0f523e0e5a6615f5ff7381f411ad7400e97296a93706135af3136984556fd12d,data-ml-test,0.6320914479254869
113c5b578380c6c289a34ca34888c955c76fa6ba471caac2a583962b6baa16e4,data-ml-test,0.9945347951376238
11da178ccf0be2e425a98e47b4306f59cde9b01df5cfcdb4133a2f07f049735f,data-ml-test,0.7165492957746479
1799d3efc8f1980241421713bb20e5876ec0e9ad44a18541805b2395d6d8dec9,data-ml-test,0.9664268585131894
17ec022059ac5ce42f3bb2bb07e76e8ca9f55839e411475499b68f827311713d,data-ml-test,1.0
19077d919de8054858636c7534e37dcda0095e33b075141cce7c7e87329a0016,data-ml-test,0.17766792672288456
19ba0f108c9f397620ca260882343e4175e0ca6140604551b7c6e004982d56c0,data-ml-test,0.8787061994609164
1b1fc65265f8ea3ef14ef2771a7e370837e350151a3fb021e8556fb50a9f8bd6,data-ml-test,0.9508165040100492
1c2dcd2583c23fcb8287f3d5ee48cca38fb4764cd06cefe30057329b60804271,data-ml-test,0.4595505617977528
1f2006e63e7ca3413ffe9f18defaee0cd1f321851989cf49927fe1aeb7002dc7,data-ml-test,0.7680180180180181
1f46453486d6d39d25b629c83401b6f52d9724696bc01cd466da7b20b4f20b2a,data-ml-test,0.6039136302294197
1f774d0a776bac06dbea9bc0b3405c293a64bfe084ea3c2a1b087f01bb1d435c,data-ml-test,0.25053078556263275
20d5ffb3b03e11fe8a43267ce8ba26d9f93e218a9bfcbae29b79758204d8b9d4,data-ml-test,0.49226006191950467
20f4fb94eadd20a0e76b213b818a1ee2254a77074bf410175e3586f95f8e50d7,data-ml-test,0.9101123595505618
245ba906f1dbd7c686f3506406cdd9a17a806e7258bce8103613f33412bd574b,data-ml-test,0.2015579357351509
250d10106c108f5bc7fa6e12ab54cf1cd02a18c622af2cef206a4aac69c70e57,data-ml-test,0.9722222222222222
254b6d9f0df51ff47828625df57529fc6f6ff8013bcca0501f853b9daa1e7b4a,data-ml-test,0.7951030927835052
25bb7517beaf55a4a357cdfbbbfa2643dc8008e36b6568eb88932ca831a3818c,data-ml-test,0.7336769759450172
27da0728ca2a3db4e20e8ce441dc565c4b672e51db352aa5a5337c9589ab2c22,data-ml-test,0.8269484808454426
2858fc6435c24cd77e6ad04e183e57b99ad8d7df0ee6b36bbc47530cefe48af2,data-ml-test,0.9216867469879518
2958ed1de2cb0d6dc9a541253511bbd2e6194f5a2bdf57cfd9e8962d9a761eaf,data-ml-test,0.8131539611360239
29d472220dfae7ea9094dcbb5d3b1213618c148b959a30a1cc33c806142b2e79,data-ml-test,0.9473684210526316
2e24b8708bbe3573ab125a16b4ee82d619c3cf3224ebdb3dd65f54507ee63633,data-ml-test,0.953392990305742
2eb9999ce6efd48d1c33a985f5594a23696be948ca239ef85f5994d42e81ed20,data-ml-test,0.29729729729729726
2fb2d9445f24f4e512cb66fbfe824751789bb26cc6f4f977a786277fc6f23051,data-ml-test,0.3041903776513192
2fcebf3040715a96be4616f03a22c6c899b848bf5d0b57719e0d6544655c33bd,data-ml-test,0.442324124181145
311ec27d1630313c662ab9e2aced91afd5cd4342d69ca1cd9567b8825eae7651,data-ml-test,0.5847052575677111
347c756aef398e8065bda5662b74448b2ac03bc93519bbb313142b375711774a,data-ml-test,0.7971274685816876
35b0b3d185909659f96e8afbcc6b6832cd93f0d0a7d40bb528881f4c0aa75afc,data-ml-test,0.9598393574297188
36c905c73e9b41fbe4d06598f1a9751e15f5a11b298e1fa8c1e941231d828d62,data-ml-test,0.7280668439042917
38ca8d82d14a3b179db05bb60946468347dbdf8af53b29cb267cea3e3a3f02e3,data-ml-test,0.2552026286966046
3957cd55df7d101638e60fc2fea80ac27d97affd2140f572e2da784779c34757,data-ml-test,0.18050847457627117
3aeef665a2530f01fab8108ebd078541cf70e04bf06679f0787fadd3f1f7515d,data-ml-test,0.434010152284264
3b39f1c40d3f505415707fb7573c49fce00e5fe095a99b715661f265ac675f6c,data-ml-test,0.6993275696445725
3c371bf0bdaceace76e5fa2f9552fa433925e04500b59cc1d57356806b19c90f,data-ml-test,0.3369079535299374
3cf7f7a16c5ff65bb84a06620a2fbc3664e5d70ea99613e3e25986877cbae3c5,data-ml-test,0.5339805825242718
3f33d97ab51f68cb69f87b455967392f2c19a50b44b79cdb4f2ac970e3baf348,data-ml-test,0.572407883461868
406a3ad2e00b92998c5e72960448d132da9dc6af2fd59b90bf1063b32fc05bca,data-ml-test,0.30415690866510536
430046ce670fd7cde30dc6a1bca33f9420f7c79024e2b5f49a41c3f22a17e99f,data-ml-test,1.0
44cfa2a5d13f75b87e830d7d7a0bd7b0ac12965935fc81ae302ed127cc5b3245,data-ml-test,0.24895688456189147
453018093db16220550a46c91d83b517513465116d0e557d89f62aa9ffd019f3,data-ml-test,0.3009320905459387
4721b5208967e0f1eb089a63c8b4af37978da3ef7165bcf55a6a687fd6be1032,data-ml-test,0.7749141829673623
47b32ee519ad23d291078dff6e1aa2e6099ced27a98a1d7fca761ed506596269,data-ml-test,0.9946332737030411
4bbf44494ae448fd18e0c247f6de27c8ad86623da26591fbddb36d6359bd67bd,data-ml-test,0.6032482598607889
4bcd8041686fe20c007dffb42641f20d77a2722bd1253596a96037327e983615,data-ml-test,0.8157216494845361
4c286f4393a765d8565181c366668761264d37b77675235d16d8f6d4f6691733,data-ml-test,0.5226977950713358
4c740c3d48d0f086a36714ac553cac5bb0d1d07191b8b4011defd684b587c27d,data-ml-test,0.9979695431472081
5054ea9d2e1a6165bc39f1d780557d0e575be28867a880a35b5f5b08c3a2bac4,data-ml-test,0.6922480620155038
50b8d42e2c3f2ab08a9517f847d53f0f3f3e12b4bcd8c2835ce55e5970bb22f5,data-ml-test,0.5187566988210075
50d03bd260f30409581315345cf8ae65adec0329e078ae65213432a1a89e79cc,data-ml-test,0.6191489361702127
525ee4c9a0d2ce71c0ee4a8991c717bff09c58f10c8ec1be2b4bf6e07ec1ec29,data-ml-test,0.9910581222056631
53e25c03d08925a6aa272b89ef418fe46f70b637dfce50a09727bae035ba0761,data-ml-test,0.6896551724137931
5509a870f297ca1541878aa73c85679d62a65940068e689be2812694b8039eed,data-ml-test,0.7418546365914787
58c7fd095bc2e61821c65065cacd6615b6c9204e8690d5376af4c8ad6a736af8,data-ml-test,0.4688561721404304
59d85e6e584226b5190520129050d2c73321c1e085ea31a4b372b739e3c9ab6c,data-ml-test,0.46056475170399225
5c19a958b96b7580ffedaa57bca3cb0c2089c19e5690f9dba458dc124fbc1750,data-ml-test,0.7717041800643087
5d5632a3f3b826ff4cfffa25fb6bfc8a5d6d5823fe59d0a1f9ffd78313a8fd49,data-ml-test,0.9478476821192053
5db62ab1848f4899bdffe5c6f95daced67f22785b35740c9af6d1bf6edb9cd6e,data-ml-test,0.3157894736842105
5f4c5f2642f63d211b3dae6c4dc3d102ee23df3187b75ef2ee22b019343dadb2,data-ml-test,0.9263736263736264
627d6b2991565340d4685fa54571c38e69e48cd4bcaeddca4a33f0929ba32929,data-ml-test,0.93015332197615
62bf7e6a1a8f805e81d153b2aabd0dab1f8ba08cb13795d78bab31f08c0363d3,data-ml-test,0.5925650557620818
6389b1249d1c351fd470f915b2e483ac830beb3b0bd34ec04fd7832dff22521f,data-ml-test,0.8281938325991189
63d4874cb012f6154cf4cc51ec72f7215cd124f20334b0252f3cca490241f48b,data-ml-test,0.5812574139976275
6479f6e8f9665e0567b6311d070ccb3e0ebd5e9ab9275fd712ba239226917edc,data-ml-test,0.9551386623164764
6695f75d300c98c1eeffc7fd18cd2d3f8c00ec63f35444d95f3dd9006cf98a6c,data-ml-test,0.609271523178808
6737c3996df32ba3c334c9c8bff287a235f17132a37751a259011671efa9ed22,data-ml-test,0.973128129962135
6779b77a145cd64835de74a5095839136143f2e36673acee865544adfe763e3f,data-ml-test,0.4388168557536467
684dfb0e4b98ae2e6a1d2f73e433aef314094ea8e12c35b975d4ebc62aaf2c0c,data-ml-test,0.8421052631578947
6ad7814b1d2877fa1acba9cc2a3646ed45010d0d7a7aa892806f8ee74844fe35,data-ml-test,0.7156398104265402
6c4d1adffe8874cfa518edfacb2313cf26c4fe5b18f40b83f6731ee7882742d2,data-ml-test,0.43470790378006874
6cf6c875e20154b9be79c68363d200bdf38219ab18620778c875f3e3f4e1a7cb,data-ml-test,0.6879063719115734
6d1a1880ceb13c99d94feef5cefdf95d9532a4f206852b9a453591e5f823d9ff,data-ml-test,0.9246501614639397
6f1fa3ea572893b74b6953a6b32aadd204eedcf406e4e24ac811230cb0b62f29,data-ml-test,0.8816686722823907
6fcae977fbd21c59147b03b183e342c7752066f9719e187558eb05a0a217c59d,data-ml-test,0.5245901639344263
72117c93c4cb32ace14675b48c09d4e10829ba00475ff4b0b94d5473abf83a6b,data-ml-test,0.8653846153846154
722f064cd557957c47099034ca69095d420f2029dd15265665b44e9b2b9539f8,data-ml-test,1.0
73d26fca9843059528bbb44224e97b335d47cef51daebaae673a5f4ff0ce809e,data-ml-test,0.8123620309050773
74ff2599cfe252f8eed0972badab217dd4228f66b54341b83894c78083fdd302,data-ml-test,0.6887755102040816
779d2587d4478f7df08764678ea8af9d10ceccd32b5cca0e97fab6af52731cea,data-ml-test,0.9183130699088146
791190ab1f07132c6e7e27b5ebd6598a0652beece98b5e4d157350a2b20fb57d,data-ml-test,0.8247422680412371
79d3ad14a5bb1ba2eccd534e1a62e5dfe60c5a632ef8ba6ae6ea67fd4514cc1e,data-ml-test,0.7648686030428768
79e23ad367fc362cfaef91ec536555dba2583d12b7f9e1de64c5bb0116bd1bde,data-ml-test,0.9531013615733737
7c37cb6c24eca34deeba004fd40dfc1fc270b32aec2c04344c2de20e09b24aba,data-ml-test,0.8279569892473118
7ceab7bf66f9c7048303df3a58ad0604eae14f2fddab8eaa259494e56d747364,data-ml-test,0.28963414634146345
814bb6bac9006429843f8b2a96cab4be9d948338b13a20b16d4f32eb338c7a74,data-ml-test,0.9764808362369338
86b2801151692c6d681966eeca82cd3b2e212c252fb8502f59e51412e17d55aa,data-ml-test,0.6248789932236205
875e257cd125346f8ff38dca3f063764feea4f0659a957591ed4c4c2d8f1dcf8,data-ml-test,0.5525946704067322
8774e425bd53d927bc5b9d39ed39d90f3b08015923f7825029e0fb98001c61a1,data-ml-test,0.9272349272349272
89c4cd22a5eb87fac5ded41b63fc44ff568f7931825b40734a5eea6c6df37341,data-ml-test,0.6772486772486772
8abbdbc69154bcfaa2a217767c4bf985ec81c6aa00eb9a9235ff12ae8aab7735,data-ml-test,0.48305084745762716
8af92720824963492b2597839228328c68fb77a6b6e5561590e1b4b38ab9c672,data-ml-test,0.3208226221079692
8e04ba2f25120381e52945dd9ef2d5a8449633415f1fa0d7565f99f37ef419c0,data-ml-test,0.912689996465182
8e17f5e8be02b455a59d938da4106a0b3ec38a2818c34ceccc5ad6b6b274aaa4,data-ml-test,0.1901066925315228
902ace72dfd8c0da145dbfa43024a21f176361150df379b439e0a74290c8e913,data-ml-test,0.764454664914586
940052ec16eb6a1a4f9df33b12d011720276ecc862d84a615efc62549c80e124,data-ml-test,0.46226415094339623
97aa47dd559bf73a482cd0e1a652035797b0d25a0b5d5bd45ae262a51f7c688b,data-ml-test,0.9037037037037037
97bbd9d2186325392c63587980acb0eb9e43ed0506494242a4349448214fcf05,data-ml-test,0.7811023622047244
a10beec44d876dff46c4d2769503521e95b89fca442001b9e9590a5ecdc9d963,data-ml-test,0.5314685314685315
a40410415a707bed758980c442368ffea294924cf0dc6fb2e8459f35f788abc8,data-ml-test,0.5850439882697946
a52a9efeb05c7d31451776f25988add58c035c3dfaff2d6b5830f77c5be8b373,data-ml-test,0.8862951807228916
a719b0cbbafa373532c0ed18bb27ffacb5169a090d51efd430eccaddbbb42ec8,data-ml-test,0.8429454170957775
a7f117c344b0329be92631cccb6c05790d2129b944834c64019d6afda9e63dd7,data-ml-test,0.9388185654008439
ae694c89e8c4929790b364a642a3825943c26b45f37bd1c702cfe8533b38bcd9,data-ml-test,0.128586609989373
afedde66207462d16bf891970fd333a9e175bb396b44e53f3d624f5ad0d2c092,data-ml-test,0.75625
b1fd426545dd6c100774a1f02c36ab8024cd2b528a271c9986256aceae51e415,data-ml-test,0.9196675900277008
b23cb6c1ea07bad8731a5252d23843eccea6eb7c97148cc84fce3562cb29be6b,data-ml-test,0.761297798377752
b72b5ea0cc79deaa4ec259c640fa1413b86bd3424f3826d62b78b7faaf9df38d,data-ml-test,0.236328125
b7f0721ff8d6a6dd5dfd5da04109c26830253ed5467e1767207e4b486f5c276a,data-ml-test,0.8988030467899891
ba3dc959b483d6b547a5a6182d71e1c08f4654ec05ffad0ab71e8bd89aaeb72f,data-ml-test,0.4024813895781638
ba86bd81907e13c7c430253ff3202188efb713a4b0399edbec1447d21e2d9dca,data-ml-test,0.9404686510449651
bafdab5485c4caa74270a50f93afb222b2b0e21560f6a96b1645128012fd986a,data-ml-test,0.6100577081615828
bc14c151048459014bf39ecd400a75f42d7e87278fb3d15b3bc3ec87bb80d2f4,data-ml-test,0.25355566454144185
bc70a91bcb00290c04b3bf74d8ff9b75dbc2cfaf136f04c7be9312ef9e50f33a,data-ml-test,0.6956521739130435
be582c930b56e0fd3eec1c8bc997f53fbd8ea16f7d9de7eb3c205c8b7aa91f15,data-ml-test,0.8807089297886844
bf1b44c9ae6b0850ba8394e03703329fb05f67a82c51cac46a5fdcf4f2fdf025,data-ml-test,0.38068181818181823
bf4ed63681584b484554a468a9f3e60a013111c69d0211106fc1ab1f828bd9b7,data-ml-test,1.0
c08fe4f94c4b5bb97e642780d5472c80be789374b155552d3d4f11d59a69b9bd,data-ml-test,0.23287671232876717
c1fd54ae93aaa090491294c69828d4eff0a2382d0c4635d85cf177d6c90a33a5,data-ml-test,0.4764267990074442
c432e4450c5cc2ed3d815635c3dfb59ef756e95ddb4187e5ea8546c36f6c1f38,data-ml-test,0.7020408163265306
c4f09f9f097d72c80d697384f1e239e9d33d6acc8c6f64102eacba08350cd457,data-ml-test,0.6029411764705883
c795dac039419de349f53ccdd598f404e7812b3d4cec6af55e440093e8c71ade,data-ml-test,0.1416781292984869
c7dc4f2d7b62bf54cb82cc747fd1da4a44dba5bb252c09d58bb07eeac75815ff,data-ml-test,0.7984382625671059
c80d9253c93e25a87b8d205bd519f58973169dc72d5289aec199b16b086ec4e6,data-ml-test,0.3764619883040936
c8eb5fd1b63055009fba456856b5992cd11719aec72e3d5e93dd12d4527dcc25,data-ml-test,0.994392523364486
cc54dd0c3d173791b99182dbab91fc37c9556e6ccb5a3ee85029f6ac280c5126,data-ml-test,0.9873417721518988
cf26fb2a49fb4c0fd2450a7cac440ed9219415a279aae25cdc04a30f05360175,data-ml-test,0.38604651162790693
d1ae8792918fba8bb057136485b0702d12466b4b091ce7c2c35147d084affcfb,data-ml-test,0.6926635822868473
d32810da97e64e789b7543560feb435bfef366cd77c62b4fc550d69806a701bf,data-ml-test,0.37584905660377355
d4e860df7ac7d2f9d7a0ae669dde38cebdb6e4b4caa451957fc0f22309ae4755,data-ml-test,0.9268755935422602
d5c30c8a98996d0c213f5a1e05dc9d2b2e414610350b9a985649eaa021a526b2,data-ml-test,0.217583807716635
d9886831fe434efb710fdce6ca62f1f7041ff3d52dc77039cb183c4d71230d26,data-ml-test,0.5291479820627802
da3d0c6b2dffee8d867aa28b1baa49579d46c4ce07e3a3ea91f16a81b48a07c8,data-ml-test,0.8220338983050848
da517dbf58652569175d76fc93c82df733bca4f0ac4b0835d743c73d9e14d80f,data-ml-test,0.142948717948718
dbcdcc5aee35823065819e9e5f346c69029b62e78d923f6d4abac5eb75d0fb74,data-ml-test,0.6580786026200873
dc41ed6c122854ac88b415fabdabfe52f3c50f79cd00c20010b532d0184615e0,data-ml-test,0.7434944237918215
e0b22e9086a11687c38372dafe62ef2c5eae7ba8668968210b0c4aa86a6306d4,data-ml-test,0.7771217712177122
e21dcf71bb3ce8807a97e7b5c83326172c450e8f8914c094523674969dda6079,data-ml-test,0.518189630478373
e2b420a4db29b17fd6ddd60b773084c9442e4702eff5eaaa18b606450c17cbcd,data-ml-test,0.33726067746686306
e3d9be7e450dbbb67d323dae403820bdfb51962f762cd5d987f155451c50ff66,data-ml-test,0.9453324161372557
e47f117c1f7f0d12e42f1e2f0483fec80d271c52430a0c929c0410a910447568,data-ml-test,0.9455645161290323
e6a6712598de5b9ab662d70b7db4ba66b472168e339f387af00129c1cf4b4e61,data-ml-test,0.9233480176211454
edefc2a1f3b9d9a95e4133ef3c9a1a0b4d0fc3210a18f66ae31b96495d9aee37,data-ml-test,0.8336653386454184
eee77b7e57988e5a991dd597356c38282f28261dbd73d9f86ee0c4d82d34d973,data-ml-test,0.5243553008595989
f2146276aadc95b7df970b11ad5894ec92c18050d428c23694e9aa717c0581e4,data-ml-test,0.8097938144329897
f649dcc70b72f131bffee584f88febaa5e882081ed29de6b2fb83487d6a8817a,data-ml-test,0.09763313609467461
f73da382963f1533205ac8dc5e8d379a5193b797964a6831c3d0ed78d728063c,data-ml-test,0.9472868217054263
fa3a8dd6184a08c12195bce2a3eceed62f0c1f319d0ea45f0b1991ff3234ab6f,data-ml-test,0.9084482149169317
face1477459bfcc5d00907b049efe654edb3e72f635cc2ff1805817426cedde7,data-ml-test,0.6442195406773064
fbdfc6daf649c4aad27f27151fac6947c65c3fac2550ffca88e9a85f0a878b97,data-ml-test,0.18302387267904507
fe030e3db1aa988d80859c2d7008e615d8ffd1a539300ada22a655e0d4f95565,data-ml-test,0.62508038585209
feb418f1ead0a5560ac6a9a2a0f59c45231c5ea6f49467e48aef1d964f62dc01,data-ml-test,0.38421052631578945
ffa9a91fa49bec2758b3bd3e47e6a9a65e13e2d18ae84e87dc408986527a9751,data-ml-test,0.8648520710059171
